"Source:";"X:\KiCad\Projects\KeyBoard\KeyBoard.kicad_sch"

"Date:";"10/16/2022 12:03:58 AM"

"Tool:";"Eeschema (6.0.8)"

"Generator:";"C:\Program Files\KiCad\6.0\bin\scripting\plugins/bom_csv_grouped_by_value_with_fp.py"

"Component Count:";"478"

"Ref";"Qnty";"Value";"Cmp name";"Footprint";"Description";"Vendor"

"C1; C17; ";"2";"100nF";"C_Small";"Capacitor_SMD:C_1210_3225Metric";"Unpolarized capacitor; small symbol";""

"C2; C3; C4; C5; C6; C7; C8; C9; C10; C11; C14; C18; C20; C21; ";"14";"4.7uF";"C_Small";"Capacitor_SMD:C_1210_3225Metric";"Unpolarized capacitor; small symbol";""

"C12; C13; C16; ";"3";"4.7uF";"C_Small";"Capacitor_SMD:C_0603_1608Metric";"Unpolarized capacitor; small symbol";""

"C15; ";"1";"100n";"C_Small";"Capacitor_SMD:C_0603_1608Metric";"Unpolarized capacitor; small symbol";""

"C22; C23; ";"2";"1uF";"C_Small";"Capacitor_SMD:C_0603_1608Metric";"Unpolarized capacitor; small symbol";""

"C24; C25; C26; C27; C28; C29; C31; C32; C33; C34; C35; C37; C38; C39; C40; C41; C43; C44; C45; C46; C47; C49; C50; C51; C52; C53; C55; C56; C57; C58; C59; C61; C62; C63; C64; C65; C67; C68; C69; C70; C71; C73; C74; C75; C76; C77; C79; C80; C81; C82; C83; C85; C86; C87; C88; C89; C91; C92; C93; C94; C95; C97; C98; C99; C100; C101; C103; C104; C105; C106; C107; C109; C110; C111; C112; C113; C115; C116; C117; C118; C119; C121; C122; C123; C124; C125; C127; C128; C129; C130; C131; C133; C134; C135; C136; C139; C140; C141; C142; C144; C145; C146; C147; ";"103";"100nF";"C_Small";"Capacitor_SMD:C_0603_1608Metric";"Unpolarized capacitor; small symbol";""

"D1; ";"1";"BSD3C051V";"D_TVS";"Diode_SMD:D_SOD-323";"Bidirectional transient-voltage-suppression diode";""

"D4; D5; D6; D7; D8; D9; D10; D11; D12; D13; D14; D15; D16; D17; D18; D19; D20; D21; D22; D23; D24; D25; D26; D27; D29; D30; D31; D32; D33; D34; D36; D37; D38; D39; D40; D41; D42; D43; D44; D45; D46; D47; D49; D50; D51; D52; D53; D54; D55; D56; D57; D58; D59; D60; D61; D62; D63; D64; D65; D66; D67; D68; D69; D70; D71; D72; D73; D74; D75; D76; D77; D78; D79; D80; D81; D82; D83; D84; D85; D86; D87; D88; D89; D90; D91; D92; D93; D94; D95; D96; D97; D98; D99; D100; D101; D102; D103; D104; D105; D106; D107; D108; D109; ";"103";"1N4148W";"1N4148W";"Diode_SMD:D_SOD-123";"75V 0.15A Fast Switching Diode; SOD-123";""

"D28; D35; D48; ";"3";"MBR0530";"MBR0530";"Diode_SMD:D_SOD-123";"30V 0.5A Schottky Power Rectifier Diode; SOD-123";""

"D110; D111; D112; D113; D114; D116; D117; D118; D119; D120; D122; D123; D124; D125; D126; D128; D129; D130; D131; D132; D134; D135; D136; D137; D138; D140; D141; D142; D143; D144; D146; D147; D148; D149; D150; D152; D153; D154; D155; D156; D158; D159; D160; D161; D162; D164; D165; D166; D167; D168; D170; D171; D172; D173; D174; D176; D177; D178; D179; D180; D182; D183; D184; D185; D186; D188; D189; D190; D191; D192; D194; D195; D196; D197; D198; D200; D201; D202; D203; D204; D206; D207; D208; D209; D210; D212; D213; D214; D215; D216; D218; D219; D220; D221; D224; D225; D226; D227; D229; D230; D231; D232; ";"102";"SK6812MINI";"WS2812B-MINI";"marbastlib-mx:LED_MX_6028R_backMount";"RGB LED with integrated controller";""

"F1; ";"1";"750 mA";"Fuse_Small";"Fuse:Fuse_0603_1608Metric";"Fuse; small symbol";""

"J1; ";"1";"USB_C_Receptacle_USB2.0";"USB_C_Receptacle_USB2.0";"Connector_USB:USB_C_Receptacle_HRO_TYPE-C-31-M-12";"USB 2.0-only Type-C Receptacle connector";""

"J2; ";"1";"Epaper Display";"Conn_01x24_Female";"Connector_FFC-FPC:Hirose_FH12-24S-0.5SH_1x24-1MP_P0.50mm_Horizontal";"Generic connector; single row; 01x24; script generated (kicad-library-utils/schlib/autogen/connector/)";""

"J3; ";"1";"JTAG";"Conn_01x05_Female";"Connector_PinHeader_2.54mm:PinHeader_1x05_P2.54mm_Vertical";"Generic connector; single row; 01x05; script generated (kicad-library-utils/schlib/autogen/connector/)";""

"J4; ";"1";"Battery";"Conn_01x02_MountingPin";"Connector_JST:JST_PH_S2B-PH-SM4-TB_1x02-1MP_P2.00mm_Horizontal";"Generic connectable mounting pin connector; single row; 01x02; script generated (kicad-library-utils/schlib/autogen/connector/)";""

"JP1; JP2; ";"2";"bridge";"SolderJumper_2_Open";"Jumper:SolderJumper-2_P1.3mm_Open_TrianglePad1.0x1.5mm";"Solder Jumper; 2-pole; open";""

"JP3; ";"1";"Perma ON";"SolderJumper_2_Open";"Jumper:SolderJumper-2_P1.3mm_Open_TrianglePad1.0x1.5mm";"Solder Jumper; 2-pole; open";""

"L1; ";"1";"BLM15PX121SN1D";"L_Small";"Inductor_SMD:L_0402_1005Metric";"Inductor; small symbol";""

"L2; ";"1";"68uH";"L_Iron";"Inductor_SMD:L_Bourns_SRN6045TA";"Inductor with iron core";""

"LED1; ";"1";"orange";"LED_Small";"LED_SMD:LED_0603_1608Metric";"Light emitting diode; small symbol";""

"Q1; ";"1";"ZVN3306F";"ZVN3306F";"Package_TO_SOT_SMD:SOT-23";"0.15A Id; 60V Vds; N-Channel MOSFET; SOT-23";""

"Q2; Q4; ";"2";"2N7002";"2N7002";"Package_TO_SOT_SMD:SOT-23";"0.115A Id; 60V Vds; N-Channel MOSFET; SOT-23";""

"Q3; ";"1";"AO3401A";"AO3401A";"Package_TO_SOT_SMD:SOT-23";"-4.0A Id; -30V Vds; P-Channel MOSFET; SOT-23";""

"R1; ";"1";"1M";"R_Small";"Resistor_SMD:R_1206_3216Metric";"Resistor; small symbol";""

"R2; R3; ";"2";"5.1k";"R_Small";"Resistor_SMD:R_1206_3216Metric";"Resistor; small symbol";""

"R4; R17; ";"2";"100R";"R_Small";"Resistor_SMD:R_0603_1608Metric";"Resistor; small symbol";""

"R5; R9; R15; R18; ";"4";"10k";"R_Small";"Resistor_SMD:R_0603_1608Metric";"Resistor; small symbol";""

"R6; ";"1";"806k";"R_Small";"Resistor_SMD:R_1206_3216Metric";"Resistor; small symbol";""

"R7; ";"1";"2M";"R_Small";"Resistor_SMD:R_1206_3216Metric";"Resistor; small symbol";""

"R8; ";"1";"10K";"R";"Resistor_SMD:R_1206_3216Metric";"Resistor";""

"R10; ";"1";"10k";"R_Small";"Resistor_SMD:R_1206_3216Metric";"Resistor; small symbol";""

"R11; ";"1";"47k";"R_Small";"Resistor_SMD:R_0603_1608Metric";"Resistor; small symbol";""

"R12; R16; ";"2";"1.5k";"R_Small";"Resistor_SMD:R_0603_1608Metric";"Resistor; small symbol";""

"R13; ";"1";"0.47R";"R";"Resistor_SMD:R_1206_3216Metric";"Resistor";""

"R14; ";"1";"3.9k";"R_Small";"Resistor_SMD:R_0603_1608Metric";"Resistor; small symbol";""

"R19; ";"1";"100k";"R_Small";"Resistor_SMD:R_0603_1608Metric";"Resistor; small symbol";""

"SW1; ";"1";"RESET";"SW_Push";"Jumper:SolderJumper-2_P1.3mm_Open_RoundedPad1.0x1.5mm";"Push button switch; generic; two pins";""

"SW2; SW3; SW4; SW5; SW6; SW7; SW8; SW9; SW10; SW11; SW12; SW13; SW14; SW15; SW16; SW17; SW18; SW19; SW20; SW21; SW22; SW23; SW24; SW25; SW26; SW27; SW28; SW29; SW30; SW31; SW32; SW33; SW34; SW35; SW36; SW37; SW38; SW39; SW40; SW41; SW42; SW43; SW44; SW45; SW46; SW47; SW48; SW49; SW50; SW51; SW52; SW53; SW54; SW55; SW56; SW57; SW58; SW59; SW60; SW61; SW62; SW63; SW64; SW65; SW66; SW67; SW68; SW69; SW70; SW71; SW72; SW73; SW74; SW75; SW76; SW77; SW78; SW79; SW80; SW81; SW82; SW83; SW84; SW85; SW86; SW88; SW89; SW90; SW91; SW92; SW93; SW94; SW95; SW96; SW97; SW98; SW99; SW100; SW101; SW102; SW103; SW104; ";"102";"MX_SW_solder";"MX_SW_solder";"marbastlib-mx:SW_MX_1u";"Push button switch; normally open; two pins; 45Â° tilted";""

"SW87; ";"1";"RotaryEncoder_Switch";"RotaryEncoder_Switch";"Rotary_Encoder:RotaryEncoder_Alps_EC11E-Switch_Vertical_H20mm";"Rotary encoder; dual channel; incremental quadrate outputs; with switch";""

"SW105; ";"1";"PWR";"SW_Push_SPDT";"marbastlib-various:SW_SSSS213100";"Momentary Switch; single pole double throw";""

"U1; ";"1";"nRF52840_holyiot_18010";"nRF52840_holyiot_18010";"marbastlib-various:nRF52840_holyiot_18010";"nRF52840 BT LE module";""

"U2; ";"1";"SRV05-4";"SRV05-4";"marbastlib-various:SOT-23-6-routable";"ESD Protection Diodes with Low Clamping Voltage; SOT-23-6";""

"U3; ";"1";"BQ24075";"BQ24075RGT";"Package_DFN_QFN:VQFN-16-1EP_3x3mm_P0.5mm_EP1.6x1.6mm";"USB-Friendly Li-Ion Battery Charger and Power-Path Management; VQFN-16";""

"U4; ";"1";"TXB0101";"TXB0101";"Package_TO_SOT_SMD:SOT-363_SC-70-6_Handsoldering";"1-Bit Bidirectional Voltage-Level Translator";""

"U7; ";"1";"XC6206P332MR";"XC6206PxxxMR";"Package_TO_SOT_SMD:SOT-23";"Positive 60-250mA Low Dropout Regulator; Fixed Output; SOT-23";""

